customer_id,gender,age_group,income_level
C5000,Male,36-45,Low
C5001,Male,26-35,Low
C5002,Female,18-25,Medium
C5003,Male,36-45,Low
C5004,Male,60+,Medium
C5005,Female,26-35,Low
C5006,Male,36-45,Low
C5007,Female,26-35,High
C5008,Male,46-60,Low
C5009,Male,36-45,Low
C5010,Male,60+,Medium
C5011,Male,26-35,Low
C5012,Female,26-35,Low
C5013,Male,26-35,Medium
C5014,Male,46-60,Low
C5015,Male,18-25,Low
C5016,Female,36-45,Medium
C5017,Female,26-35,Medium
C5018,Male,36-45,Low
C5019,Male,26-35,Low
C5020,Male,26-35,High
C5021,Male,18-25,Medium
C5022,Female,26-35,Medium
C5023,Female,18-25,High
C5024,Female,26-35,Low
C5025,Female,26-35,Medium
C5026,Female,36-45,High
C5027,Female,46-60,Medium
C5028,Female,36-45,Medium
C5029,Male,46-60,Medium
C5030,Female,46-60,Medium
C5031,Male,26-35,Low
C5032,Male,18-25,Medium
C5033,Male,36-45,Low
C5034,Female,26-35,Low
C5035,Female,36-45,Low
C5036,Female,18-25,Low
C5037,Female,36-45,Low
C5038,Female,36-45,Medium
C5039,Male,26-35,Medium
C5040,Female,36-45,Low
C5041,Female,36-45,Low
C5042,Male,36-45,Medium
C5043,Male,26-35,Low
C5044,Male,46-60,Medium
C5045,Male,46-60,Medium
C5046,Female,26-35,Low
C5047,Male,36-45,Medium
C5048,Male,46-60,Medium
C5049,Male,46-60,High
C5050,Non-binary,18-25,Medium
C5051,Female,36-45,High
C5052,Female,46-60,High
C5053,Female,26-35,Low
C5054,Male,46-60,Low
C5055,Female,26-35,Medium
C5056,Female,46-60,Low
C5057,Female,36-45,Low
C5058,Female,26-35,Low
C5059,Female,26-35,Low
C5060,Male,26-35,Low
C5061,Female,36-45,Medium
C5062,Female,36-45,Medium
C5063,Male,26-35,Medium
C5064,Male,26-35,Low
C5065,Female,60+,Medium
C5066,Male,18-25,High
C5067,Female,26-35,Medium
C5068,Male,18-25,Low
C5069,Male,60+,Medium
C5070,Male,36-45,High
C5071,Female,18-25,Low
C5072,Male,26-35,Low
C5073,Female,26-35,Low
C5074,Male,26-35,Low
C5075,Male,18-25,Low
C5076,Male,36-45,Low
C5077,Male,18-25,High
C5078,Male,36-45,High
C5079,Male,46-60,Medium
C5080,Male,26-35,Medium
C5081,Female,60+,Low
C5082,Female,26-35,Medium
C5083,Female,18-25,Low
C5084,Male,18-25,Low
C5085,Female,36-45,Medium
C5086,Female,36-45,Medium
C5087,Female,26-35,Low
C5088,Male,26-35,Low
C5089,Male,46-60,Medium
C5090,Male,26-35,Low
C5091,Female,26-35,Medium
C5092,Male,46-60,High
C5093,Male,46-60,Medium
C5094,Female,26-35,Medium
C5095,Female,46-60,High
C5096,Female,60+,Medium
C5097,Female,36-45,Low
C5098,Female,36-45,Medium
C5099,Female,26-35,Medium
C5100,Female,46-60,Medium
C5101,Female,36-45,Low
C5102,Male,36-45,Low
C5103,Male,36-45,Low
C5104,Female,26-35,Medium
C5105,Male,36-45,Low
C5106,Female,26-35,High
C5107,Female,60+,Medium
C5108,Male,46-60,Low
C5109,Male,18-25,Medium
C5110,Female,26-35,High
C5111,Male,26-35,Low
C5112,Male,26-35,Medium
C5113,Female,18-25,Low
C5114,Male,46-60,Low
C5115,Female,60+,Medium
C5116,Female,26-35,Medium
C5117,Female,36-45,Low
C5118,Male,18-25,Medium
C5119,Female,36-45,Low
C5120,Female,26-35,Low
C5121,Male,36-45,Low
C5122,Female,46-60,Low
C5123,Female,26-35,Low
C5124,Male,26-35,Medium
C5125,Male,36-45,Medium
C5126,Female,36-45,Medium
C5127,Male,26-35,High
C5128,Female,26-35,Medium
C5129,Male,46-60,Low
C5130,Male,26-35,Medium
C5131,Female,18-25,Medium
C5132,Male,46-60,Low
C5133,Male,36-45,High
C5134,Female,36-45,High
C5135,Male,60+,Medium
C5136,Female,46-60,Medium
C5137,Female,26-35,Medium
C5138,Male,60+,Medium
C5139,Male,36-45,Medium
C5140,Female,36-45,Low
C5141,Female,46-60,Low
C5142,Female,26-35,Medium
C5143,Female,36-45,Low
C5144,Female,18-25,Low
C5145,Male,18-25,Medium
C5146,Female,46-60,Low
C5147,Female,36-45,Low
C5148,Female,60+,Low
C5149,Male,46-60,Medium
C5150,Male,46-60,Medium
C5151,Female,46-60,Medium
C5152,Male,26-35,Medium
C5153,Female,26-35,Medium
C5154,Female,26-35,Medium
C5155,Female,36-45,Medium
C5156,Male,36-45,Low
C5157,Male,36-45,Low
C5158,Male,36-45,Low
C5159,Male,36-45,Medium
C5160,Male,46-60,Medium
C5161,Female,36-45,High
C5162,Female,36-45,Medium
C5163,Male,26-35,Medium
C5164,Female,36-45,Low
C5165,Female,26-35,Medium
C5166,Female,26-35,Medium
C5167,Female,26-35,Medium
C5168,Male,36-45,Medium
C5169,Female,36-45,Medium
C5170,Female,26-35,Low
C5171,Male,26-35,Medium
C5172,Female,18-25,Low
C5173,Male,36-45,Medium
C5174,Male,46-60,Medium
C5175,Male,36-45,Medium
C5176,Male,18-25,Low
C5177,Male,46-60,High
C5178,Male,26-35,Low
C5179,Male,46-60,Low
C5180,Male,26-35,Medium
C5181,Male,36-45,Low
C5182,Female,36-45,Low
C5183,Male,46-60,High
C5184,Male,26-35,High
C5185,Female,18-25,High
C5186,Male,36-45,Low
C5187,Male,26-35,Medium
C5188,Male,26-35,Low
C5189,Female,60+,Medium
C5190,Female,46-60,Medium
C5191,Male,26-35,Low
C5192,Male,26-35,Medium
C5193,Male,26-35,Medium
C5194,Male,46-60,Medium
C5195,Male,36-45,Medium
C5196,Female,26-35,Medium
C5197,Female,18-25,Low
C5198,Male,36-45,Low
C5199,Female,26-35,Medium
C5200,Female,46-60,High
C5201,Male,36-45,Low
C5202,Male,26-35,Medium
C5203,Male,36-45,High
C5204,Female,36-45,Medium
C5205,Non-binary,36-45,Medium
C5206,Female,46-60,Low
C5207,Male,26-35,Low
C5208,Female,36-45,Medium
C5209,Male,46-60,Medium
C5210,Female,46-60,Medium
C5211,Male,46-60,Low
C5212,Male,46-60,Low
C5213,Female,26-35,High
C5214,Male,60+,Medium
C5215,Male,36-45,High
C5216,Male,26-35,Medium
C5217,Female,36-45,Medium
C5218,Male,26-35,Medium
C5219,Male,18-25,High
C5220,Female,36-45,Medium
C5221,Female,46-60,Medium
C5222,Male,26-35,Medium
C5223,Female,18-25,Low
C5224,Male,26-35,Medium
C5225,Male,36-45,Medium
C5226,Female,46-60,Low
C5227,Female,26-35,Low
C5228,Female,26-35,Low
C5229,Female,18-25,Medium
C5230,Male,46-60,Medium
C5231,Female,46-60,Low
C5232,Female,18-25,Medium
C5233,Male,36-45,Low
C5234,Female,46-60,High
C5235,Male,36-45,Medium
C5236,Male,26-35,Low
C5237,Female,36-45,Medium
C5238,Male,18-25,Low
C5239,Female,18-25,Low
C5240,Male,46-60,High
C5241,Female,36-45,Medium
C5242,Male,46-60,Medium
C5243,Female,36-45,Medium
C5244,Female,60+,High
C5245,Female,36-45,Low
C5246,Female,18-25,Medium
C5247,Non-binary,36-45,Medium
C5248,Male,18-25,Medium
C5249,Male,18-25,Low
C5250,Female,36-45,Low
C5251,Male,26-35,Medium
C5252,Female,26-35,Medium
C5253,Female,46-60,Medium
C5254,Male,26-35,Medium
C5255,Female,36-45,Medium
C5256,Female,26-35,Low
C5257,Female,26-35,Medium
C5258,Non-binary,18-25,Low
C5259,Male,46-60,Low
C5260,Male,18-25,Low
C5261,Male,26-35,Medium
C5262,Male,26-35,Low
C5263,Male,26-35,Medium
C5264,Male,26-35,Low
C5265,Female,36-45,Medium
C5266,Male,46-60,Low
C5267,Male,26-35,Low
C5268,Female,46-60,Low
C5269,Female,60+,High
C5270,Female,46-60,High
C5271,Female,18-25,Low
C5272,Female,26-35,Medium
C5273,Male,18-25,Low
C5274,Male,46-60,Medium
C5275,Female,36-45,Low
C5276,Female,36-45,Medium
C5277,Male,26-35,Medium
C5278,Non-binary,46-60,Medium
C5279,Female,36-45,Low
C5280,Female,46-60,Medium
C5281,Male,26-35,Medium
C5282,Male,46-60,Low
C5283,Male,46-60,Medium
C5284,Male,26-35,Low
C5285,Female,18-25,Medium
C5286,Female,18-25,High
C5287,Non-binary,18-25,High
C5288,Female,46-60,Medium
C5289,Female,36-45,High
C5290,Female,26-35,High
C5291,Male,18-25,Low
C5292,Male,26-35,High
C5293,Male,36-45,Low
C5294,Female,60+,Medium
C5295,Female,18-25,Medium
C5296,Male,46-60,Low
C5297,Female,36-45,Low
C5298,Male,18-25,Low
C5299,Female,18-25,Low
C5300,Male,46-60,Low
C5301,Male,18-25,Low
C5302,Female,26-35,Low
C5303,Female,46-60,Low
C5304,Female,46-60,Low
C5305,Female,36-45,Medium
C5306,Male,18-25,High
C5307,Non-binary,36-45,Low
C5308,Female,36-45,Low
C5309,Male,46-60,Low
C5310,Female,26-35,Low
C5311,Male,26-35,High
C5312,Male,46-60,Medium
C5313,Female,26-35,Medium
C5314,Female,26-35,Low
C5315,Female,60+,Low
C5316,Female,46-60,High
C5317,Female,36-45,Low
C5318,Male,26-35,Medium
C5319,Female,26-35,High
C5320,Female,36-45,Medium
C5321,Female,18-25,Low
C5322,Male,18-25,Medium
C5323,Female,18-25,Medium
C5324,Male,46-60,High
C5325,Male,26-35,Low
C5326,Female,36-45,Low
C5327,Female,26-35,Low
C5328,Female,26-35,Medium
C5329,Male,60+,Low
C5330,Male,36-45,Low
C5331,Female,36-45,Medium
C5332,Female,46-60,High
C5333,Female,36-45,Low
C5334,Male,36-45,Low
C5335,Female,26-35,Low
C5336,Female,46-60,Low
C5337,Female,46-60,Low
C5338,Female,26-35,Low
C5339,Female,26-35,Medium
C5340,Female,18-25,Medium
C5341,Female,18-25,High
C5342,Female,36-45,Medium
C5343,Male,46-60,High
C5344,Female,46-60,Medium
C5345,Female,36-45,Medium
C5346,Female,46-60,Medium
C5347,Male,18-25,Low
C5348,Female,36-45,Medium
C5349,Male,36-45,Low
C5350,Male,36-45,High
C5351,Male,18-25,Low
C5352,Male,36-45,Low
C5353,Female,26-35,Low
C5354,Male,26-35,Low
C5355,Male,46-60,Low
C5356,Female,26-35,Medium
C5357,Female,36-45,Medium
C5358,Female,36-45,Medium
C5359,Female,18-25,Low
C5360,Female,36-45,Medium
C5361,Female,60+,Low
C5362,Male,26-35,Medium
C5363,Female,26-35,Medium
C5364,Male,36-45,Medium
C5365,Male,26-35,Low
C5366,Male,26-35,Low
C5367,Male,36-45,Medium
C5368,Female,18-25,Medium
C5369,Male,26-35,High
C5370,Male,36-45,Medium
C5371,Male,26-35,Low
C5372,Female,26-35,Low
C5373,Male,36-45,Low
C5374,Male,36-45,High
C5375,Male,26-35,Low
C5376,Female,26-35,Medium
C5377,Female,36-45,Low
C5378,Female,36-45,Medium
C5379,Male,60+,Low
C5380,Male,18-25,Medium
C5381,Male,26-35,Low
C5382,Male,36-45,Medium
C5383,Male,26-35,Medium
C5384,Male,26-35,High
C5385,Female,26-35,Medium
C5386,Male,36-45,Low
C5387,Male,18-25,High
C5388,Female,18-25,Low
C5389,Female,18-25,Low
C5390,Female,26-35,Medium
C5391,Female,26-35,Low
C5392,Male,46-60,High
C5393,Female,18-25,Medium
C5394,Female,36-45,High
C5395,Female,36-45,Medium
C5396,Male,18-25,Medium
C5397,Male,46-60,High
C5398,Female,18-25,Low
C5399,Male,36-45,Medium
C5400,Female,26-35,High
C5401,Female,26-35,High
C5402,Male,26-35,Medium
C5403,Male,36-45,Medium
C5404,Female,26-35,Medium
C5405,Female,36-45,Low
C5406,Male,36-45,Low
C5407,Female,36-45,Medium
C5408,Female,46-60,Medium
C5409,Female,46-60,Low
C5410,Male,26-35,Low
C5411,Male,26-35,Medium
C5412,Female,36-45,Medium
C5413,Female,26-35,High
C5414,Male,46-60,Medium
C5415,Male,26-35,Medium
C5416,Male,18-25,Medium
C5417,Female,36-45,High
C5418,Female,36-45,Low
C5419,Female,26-35,High
C5420,Female,26-35,Low
C5421,Female,46-60,Low
C5422,Male,46-60,Low
C5423,Female,26-35,Low
C5424,Female,26-35,Medium
C5425,Male,18-25,Medium
C5426,Female,36-45,Medium
C5427,Female,18-25,Low
C5428,Female,36-45,Medium
C5429,Male,26-35,Medium
C5430,Female,36-45,Medium
C5431,Female,18-25,Low
C5432,Male,26-35,High
C5433,Male,36-45,Low
C5434,Male,26-35,Low
C5435,Female,26-35,Medium
C5436,Male,18-25,Low
C5437,Female,36-45,Low
C5438,Male,36-45,Low
C5439,Male,46-60,Medium
C5440,Male,46-60,Medium
C5441,Male,36-45,Medium
C5442,Male,26-35,Low
C5443,Female,26-35,Medium
C5444,Female,18-25,Medium
C5445,Male,36-45,Medium
C5446,Male,26-35,Low
C5447,Male,26-35,Low
C5448,Non-binary,26-35,Low
C5449,Female,18-25,High
C5450,Female,36-45,Low
C5451,Male,26-35,Medium
C5452,Male,26-35,High
C5453,Male,26-35,Low
C5454,Female,18-25,Medium
C5455,Female,26-35,Medium
C5456,Male,26-35,Medium
C5457,Female,36-45,Medium
C5458,Male,18-25,Low
C5459,Male,26-35,Low
C5460,Male,26-35,Medium
C5461,Female,26-35,High
C5462,Female,18-25,Medium
C5463,Female,36-45,Low
C5464,Female,26-35,Medium
C5465,Female,36-45,Medium
C5466,Female,18-25,Low
C5467,Female,26-35,Low
C5468,Male,26-35,High
C5469,Female,46-60,Medium
C5470,Male,26-35,Medium
C5471,Male,46-60,Medium
C5472,Male,46-60,Medium
C5473,Female,18-25,Medium
C5474,Female,26-35,Low
C5475,Female,18-25,Medium
C5476,Female,46-60,Low
C5477,Female,18-25,Low
C5478,Female,26-35,Low
C5479,Female,26-35,Low
C5480,Female,36-45,Medium
C5481,Male,26-35,Low
C5482,Male,46-60,Low
C5483,Male,36-45,Medium
C5484,Female,26-35,Low
C5485,Male,18-25,Medium
C5486,Female,36-45,Medium
C5487,Male,36-45,Low
C5488,Female,26-35,Low
C5489,Male,60+,Low
C5490,Male,26-35,Medium
C5491,Female,36-45,Low
C5492,Female,26-35,Medium
C5493,Female,26-35,Low
C5494,Male,26-35,Low
C5495,Female,26-35,Low
C5496,Male,18-25,High
C5497,Male,36-45,Medium
C5498,Female,46-60,Low
C5499,Female,18-25,Low
C5500,Female,46-60,Medium
C5501,Male,26-35,High
C5502,Male,46-60,Medium
C5503,Female,26-35,Medium
C5504,Male,46-60,Medium
C5505,Female,18-25,High
C5506,Male,18-25,Low
C5507,Female,36-45,Medium
C5508,Male,18-25,Medium
C5509,Male,26-35,High
C5510,Female,46-60,Medium
C5511,Male,26-35,Medium
C5512,Female,18-25,Low
C5513,Male,26-35,High
C5514,Female,26-35,High
C5515,Female,18-25,Low
C5516,Male,18-25,High
C5517,Male,46-60,Low
C5518,Male,26-35,Low
C5519,Female,46-60,Medium
C5520,Female,18-25,Low
C5521,Male,36-45,Low
C5522,Male,36-45,Low
C5523,Male,26-35,High
C5524,Female,26-35,Low
C5525,Non-binary,36-45,Low
C5526,Female,26-35,Medium
C5527,Female,26-35,High
C5528,Female,36-45,Low
C5529,Male,26-35,Medium
C5530,Male,36-45,Medium
C5531,Male,36-45,Low
C5532,Female,26-35,Low
C5533,Male,26-35,Medium
C5534,Female,36-45,Low
C5535,Male,18-25,Medium
C5536,Female,26-35,Low
C5537,Female,46-60,Medium
C5538,Female,26-35,Low
C5539,Female,36-45,Low
C5540,Female,46-60,Medium
C5541,Female,26-35,Medium
C5542,Female,46-60,Medium
C5543,Female,18-25,Medium
C5544,Female,36-45,Medium
C5545,Female,26-35,Medium
C5546,Male,26-35,Medium
C5547,Female,26-35,Low
C5548,Female,18-25,Low
C5549,Male,18-25,Low
C5550,Male,26-35,High
C5551,Female,36-45,Low
C5552,Male,36-45,Low
C5553,Female,36-45,Medium
C5554,Male,26-35,Medium
C5555,Male,36-45,Medium
C5556,Non-binary,26-35,Medium
C5557,Female,26-35,Low
C5558,Female,26-35,Low
C5559,Male,46-60,Medium
C5560,Female,26-35,Low
C5561,Female,26-35,Low
C5562,Female,60+,Medium
C5563,Female,46-60,Low
C5564,Female,60+,Low
C5565,Female,36-45,Medium
C5566,Female,46-60,Medium
C5567,Male,46-60,Low
C5568,Male,26-35,Medium
C5569,Male,46-60,Medium
C5570,Female,18-25,High
C5571,Female,46-60,Low
C5572,Male,26-35,Low
C5573,Male,46-60,Medium
C5574,Male,26-35,Low
C5575,Male,26-35,Low
C5576,Female,60+,Low
C5577,Male,46-60,Low
C5578,Male,46-60,Low
C5579,Female,36-45,Low
C5580,Male,36-45,Low
C5581,Male,36-45,Medium
C5582,Male,46-60,Low
C5583,Female,46-60,Medium
C5584,Female,60+,Low
C5585,Female,26-35,Low
C5586,Male,46-60,High
C5587,Male,18-25,Medium
C5588,Male,18-25,Medium
C5589,Female,60+,Low
C5590,Male,36-45,Medium
C5591,Female,36-45,Low
C5592,Female,26-35,Low
C5593,Female,26-35,Low
C5594,Female,26-35,Medium
C5595,Male,46-60,Low
C5596,Male,60+,Medium
C5597,Female,26-35,High
C5598,Female,36-45,Medium
C5599,Male,18-25,Medium
C5600,Male,26-35,High
C5601,Female,36-45,Medium
C5602,Female,18-25,Low
C5603,Male,26-35,Medium
C5604,Male,26-35,Low
C5605,Male,26-35,Low
C5606,Male,18-25,Low
C5607,Female,26-35,Low
C5608,Female,26-35,High
C5609,Female,26-35,Medium
C5610,Male,36-45,Low
C5611,Female,18-25,Medium
C5612,Female,18-25,Low
C5613,Female,46-60,Low
C5614,Female,60+,High
C5615,Male,36-45,Low
C5616,Non-binary,26-35,Low
C5617,Female,26-35,High
C5618,Female,36-45,Low
C5619,Female,18-25,Low
C5620,Female,26-35,Low
C5621,Female,26-35,Low
C5622,Female,18-25,Medium
C5623,Non-binary,46-60,Medium
C5624,Male,26-35,Medium
C5625,Female,26-35,Low
C5626,Male,18-25,Medium
C5627,Male,46-60,Medium
C5628,Male,36-45,Low
C5629,Female,36-45,Medium
C5630,Female,26-35,Low
C5631,Female,18-25,Low
C5632,Male,36-45,Low
C5633,Female,60+,Low
C5634,Male,26-35,High
C5635,Male,26-35,Low
C5636,Female,26-35,Medium
C5637,Female,26-35,Medium
C5638,Male,46-60,Medium
C5639,Female,18-25,Low
C5640,Male,26-35,Low
C5641,Male,18-25,Low
C5642,Female,26-35,Low
C5643,Male,18-25,High
C5644,Male,36-45,High
C5645,Female,36-45,Medium
C5646,Non-binary,36-45,Medium
C5647,Female,36-45,Medium
C5648,Male,26-35,Low
C5649,Male,26-35,Low
C5650,Female,26-35,Medium
C5651,Male,26-35,Medium
C5652,Female,18-25,High
C5653,Female,26-35,Low
C5654,Non-binary,36-45,Medium
C5655,Female,26-35,Low
C5656,Male,46-60,Medium
C5657,Female,26-35,Low
C5658,Female,36-45,Medium
C5659,Male,46-60,Low
C5660,Female,18-25,Medium
C5661,Male,46-60,Medium
C5662,Male,26-35,Low
C5663,Male,46-60,Low
C5664,Female,36-45,Medium
C5665,Male,26-35,Medium
C5666,Female,26-35,Low
C5667,Male,60+,Low
C5668,Male,46-60,Low
C5669,Male,36-45,High
C5670,Male,26-35,Medium
C5671,Male,36-45,Medium
C5672,Male,26-35,Medium
C5673,Female,46-60,Low
C5674,Female,46-60,Low
C5675,Male,26-35,Low
C5676,Male,18-25,Low
C5677,Female,26-35,Medium
C5678,Female,46-60,Medium
C5679,Male,36-45,Low
C5680,Male,46-60,Low
C5681,Male,36-45,High
C5682,Female,26-35,Medium
C5683,Male,36-45,High
C5684,Female,46-60,Low
C5685,Female,46-60,Low
C5686,Female,26-35,Medium
C5687,Female,36-45,Low
C5688,Female,36-45,High
C5689,Male,26-35,Medium
C5690,Male,36-45,Medium
C5691,Female,36-45,Medium
C5692,Male,18-25,Low
C5693,Male,36-45,Medium
C5694,Female,46-60,High
C5695,Female,36-45,Medium
C5696,Male,18-25,Low
C5697,Female,46-60,Low
C5698,Male,46-60,Low
C5699,Male,46-60,Low
C5700,Male,36-45,High
C5701,Female,26-35,Low
C5702,Male,36-45,Medium
C5703,Male,46-60,Low
C5704,Male,18-25,Low
C5705,Female,26-35,Low
C5706,Female,18-25,Medium
C5707,Female,26-35,Medium
C5708,Male,18-25,Low
C5709,Female,36-45,Low
C5710,Female,36-45,Medium
C5711,Female,36-45,Low
C5712,Male,60+,Low
C5713,Female,36-45,Low
C5714,Male,26-35,High
C5715,Male,26-35,Low
C5716,Male,26-35,Low
C5717,Female,26-35,Low
C5718,Male,26-35,High
C5719,Female,18-25,Medium
C5720,Male,18-25,High
C5721,Female,60+,Medium
C5722,Female,18-25,Low
C5723,Female,26-35,Medium
C5724,Female,18-25,Medium
C5725,Female,26-35,Medium
C5726,Female,18-25,Medium
C5727,Non-binary,18-25,Medium
C5728,Male,46-60,Medium
C5729,Male,26-35,Medium
C5730,Male,36-45,Low
C5731,Female,36-45,High
C5732,Male,36-45,Medium
C5733,Male,26-35,Low
C5734,Female,36-45,Low
C5735,Female,26-35,Low
C5736,Female,46-60,Medium
C5737,Male,36-45,Medium
C5738,Male,26-35,Medium
C5739,Female,26-35,Medium
C5740,Female,26-35,Medium
C5741,Female,26-35,Low
C5742,Female,36-45,Medium
C5743,Male,60+,Low
C5744,Male,36-45,Low
C5745,Male,26-35,Low
C5746,Male,60+,Low
C5747,Female,36-45,High
C5748,Male,46-60,Medium
C5749,Female,36-45,Medium
C5750,Male,36-45,Medium
C5751,Female,60+,Low
C5752,Non-binary,18-25,Low
C5753,Male,26-35,Medium
C5754,Male,18-25,High
C5755,Female,46-60,High
C5756,Female,18-25,Low
C5757,Female,26-35,Medium
C5758,Male,26-35,Medium
C5759,Female,36-45,Medium
C5760,Male,18-25,High
C5761,Female,18-25,Medium
C5762,Male,26-35,Low
C5763,Female,36-45,Low
C5764,Female,26-35,Low
C5765,Male,26-35,Low
C5766,Female,46-60,Medium
C5767,Male,18-25,Low
C5768,Male,36-45,Low
C5769,Female,46-60,Medium
C5770,Female,36-45,Medium
C5771,Female,26-35,Low
C5772,Male,26-35,Medium
C5773,Male,46-60,Medium
C5774,Male,18-25,High
C5775,Female,36-45,Low
C5776,Male,18-25,Low
C5777,Female,36-45,Medium
C5778,Female,36-45,Medium
C5779,Male,46-60,Low
C5780,Female,46-60,Low
C5781,Female,46-60,Medium
C5782,Female,46-60,Low
C5783,Male,46-60,Medium
C5784,Male,18-25,Medium
C5785,Female,46-60,Medium
C5786,Male,26-35,High
C5787,Male,26-35,Low
C5788,Female,46-60,Low
C5789,Male,36-45,High
C5790,Male,26-35,Low
C5791,Female,26-35,Low
C5792,Female,36-45,Low
C5793,Female,26-35,Medium
C5794,Male,36-45,Low
C5795,Female,36-45,Medium
C5796,Female,36-45,Low
C5797,Male,46-60,Low
C5798,Female,60+,Low
C5799,Female,26-35,Medium
C5800,Male,18-25,Medium
C5801,Female,46-60,Medium
C5802,Male,36-45,Low
C5803,Female,46-60,Medium
C5804,Female,18-25,Medium
C5805,Male,46-60,Low
C5806,Female,46-60,Low
C5807,Male,36-45,Medium
C5808,Male,26-35,Low
C5809,Female,36-45,Low
C5810,Male,26-35,Low
C5811,Male,26-35,Low
C5812,Female,26-35,Medium
C5813,Female,36-45,Medium
C5814,Female,46-60,Medium
C5815,Female,46-60,Medium
C5816,Male,26-35,Low
C5817,Female,36-45,High
C5818,Female,26-35,Low
C5819,Female,36-45,High
C5820,Male,36-45,Medium
C5821,Female,36-45,Medium
C5822,Male,36-45,Medium
C5823,Female,46-60,Low
C5824,Male,60+,Medium
C5825,Female,18-25,Medium
C5826,Female,46-60,Low
C5827,Female,36-45,Low
C5828,Female,36-45,High
C5829,Female,26-35,Low
C5830,Male,26-35,Medium
C5831,Male,46-60,High
C5832,Female,46-60,Medium
C5833,Female,26-35,Medium
C5834,Female,46-60,Medium
C5835,Female,36-45,Low
C5836,Non-binary,26-35,Low
C5837,Female,18-25,Medium
C5838,Female,26-35,High
C5839,Female,26-35,Medium
C5840,Female,18-25,Low
C5841,Male,18-25,Medium
C5842,Female,26-35,Medium
C5843,Male,46-60,High
C5844,Male,46-60,Medium
C5845,Male,26-35,Medium
C5846,Female,60+,Medium
C5847,Female,36-45,Medium
C5848,Female,26-35,Medium
C5849,Female,18-25,Medium
C5850,Male,26-35,Medium
C5851,Male,26-35,Low
C5852,Female,18-25,High
C5853,Male,60+,High
C5854,Female,26-35,Medium
C5855,Female,18-25,Low
C5856,Male,26-35,Low
C5857,Female,60+,Low
C5858,Female,26-35,Medium
C5859,Female,46-60,High
C5860,Male,46-60,Medium
C5861,Male,46-60,Low
C5862,Female,26-35,Low
C5863,Female,36-45,Low
C5864,Male,46-60,Low
C5865,Male,46-60,Medium
C5866,Male,36-45,Medium
C5867,Female,36-45,Low
C5868,Male,26-35,Medium
C5869,Male,36-45,Low
C5870,Male,46-60,Medium
C5871,Male,46-60,Low
C5872,Female,36-45,Low
C5873,Female,26-35,Medium
C5874,Male,26-35,High
C5875,Male,36-45,Medium
C5876,Female,18-25,Low
C5877,Female,26-35,Low
C5878,Male,26-35,High
C5879,Male,26-35,Low
C5880,Female,36-45,Low
C5881,Female,36-45,High
C5882,Female,26-35,Low
C5883,Male,26-35,High
C5884,Male,26-35,Medium
C5885,Female,18-25,Low
C5886,Male,36-45,Low
C5887,Male,26-35,Low
C5888,Female,26-35,Low
C5889,Female,36-45,Low
C5890,Female,46-60,Medium
C5891,Male,60+,Low
C5892,Male,26-35,Low
C5893,Female,18-25,Low
C5894,Female,26-35,Low
C5895,Male,18-25,Low
C5896,Female,18-25,Low
C5897,Female,36-45,Low
C5898,Female,26-35,Medium
C5899,Female,26-35,High
C5900,Male,46-60,Low
C5901,Female,36-45,Medium
C5902,Male,36-45,Medium
C5903,Female,36-45,Medium
C5904,Male,26-35,Medium
C5905,Male,60+,Medium
C5906,Female,26-35,High
C5907,Female,36-45,Medium
C5908,Male,46-60,Medium
C5909,Male,26-35,High
C5910,Female,60+,Medium
C5911,Male,18-25,Low
C5912,Male,26-35,Low
C5913,Male,46-60,Low
C5914,Female,36-45,Low
C5915,Male,18-25,Low
C5916,Female,18-25,Low
C5917,Male,60+,Medium
C5918,Female,18-25,Medium
C5919,Female,36-45,High
C5920,Male,46-60,High
C5921,Male,26-35,High
C5922,Male,36-45,High
C5923,Female,26-35,Medium
C5924,Male,26-35,Low
C5925,Female,26-35,Medium
C5926,Female,36-45,Medium
C5927,Male,36-45,Low
C5928,Female,18-25,Low
C5929,Female,26-35,Low
C5930,Female,36-45,Medium
C5931,Male,36-45,Medium
C5932,Female,36-45,Medium
C5933,Male,18-25,Low
C5934,Male,26-35,Medium
C5935,Male,46-60,Low
C5936,Female,36-45,Low
C5937,Male,36-45,Low
C5938,Female,36-45,High
C5939,Male,36-45,Medium
C5940,Female,26-35,Medium
C5941,Female,36-45,Low
C5942,Female,18-25,Medium
C5943,Female,46-60,Medium
C5944,Male,60+,Low
C5945,Female,36-45,Medium
C5946,Male,36-45,Medium
C5947,Male,46-60,Low
C5948,Male,18-25,Low
C5949,Female,26-35,Low
C5950,Male,36-45,Medium
C5951,Male,26-35,High
C5952,Male,26-35,Low
C5953,Female,26-35,Medium
C5954,Male,60+,Low
C5955,Female,26-35,Low
C5956,Female,26-35,High
C5957,Female,46-60,Low
C5958,Female,26-35,High
C5959,Female,46-60,Medium
C5960,Female,18-25,Medium
C5961,Male,26-35,Medium
C5962,Female,26-35,Medium
C5963,Male,26-35,Low
C5964,Male,26-35,Medium
C5965,Male,26-35,High
C5966,Male,26-35,Medium
C5967,Female,36-45,Medium
C5968,Female,26-35,Medium
C5969,Male,46-60,Low
C5970,Female,26-35,Medium
C5971,Male,46-60,Medium
C5972,Male,46-60,Medium
C5973,Female,26-35,Low
C5974,Male,26-35,High
C5975,Male,46-60,Low
C5976,Female,46-60,High
C5977,Male,26-35,Low
C5978,Male,26-35,Medium
C5979,Male,36-45,Low
C5980,Female,26-35,Medium
C5981,Female,36-45,Medium
C5982,Male,36-45,Low
C5983,Male,36-45,High
C5984,Male,36-45,Medium
C5985,Male,26-35,Low
C5986,Male,26-35,Low
C5987,Male,36-45,Medium
C5988,Non-binary,26-35,Medium
C5989,Female,36-45,Low
C5990,Female,26-35,Low
C5991,Female,36-45,Low
C5992,Female,36-45,Medium
C5993,Female,26-35,High
C5994,Female,18-25,Medium
C5995,Female,36-45,High
C5996,Female,36-45,High
C5997,Female,26-35,High
C5998,Male,36-45,High
C5999,Female,36-45,Medium
C6000,Male,46-60,Low
C6001,Male,26-35,Medium
C6002,Female,46-60,Low
C6003,Female,18-25,Low
C6004,Female,18-25,Low
C6005,Male,18-25,Medium
C6006,Male,36-45,Medium
C6007,Female,60+,Medium
C6008,Female,60+,Low
C6009,Female,18-25,Low
C6010,Male,36-45,Medium
C6011,Female,26-35,Low
C6012,Male,26-35,High
C6013,Male,46-60,Medium
C6014,Male,36-45,Low
C6015,Male,18-25,Medium
C6016,Male,36-45,Medium
C6017,Male,36-45,Medium
C6018,Male,26-35,Medium
C6019,Male,36-45,Low
C6020,Male,18-25,Low
C6021,Female,26-35,Medium
C6022,Female,36-45,Medium
C6023,Male,26-35,Medium
C6024,Male,36-45,Low
C6025,Female,46-60,High
C6026,Female,36-45,Medium
C6027,Female,18-25,Low
C6028,Male,46-60,Low
C6029,Female,36-45,Medium
C6030,Female,26-35,Medium
C6031,Female,26-35,Low
C6032,Female,46-60,Low
C6033,Female,46-60,Medium
C6034,Non-binary,46-60,Medium
C6035,Female,18-25,Low
C6036,Male,26-35,Low
C6037,Female,46-60,Medium
C6038,Female,46-60,Low
C6039,Male,26-35,Medium
C6040,Male,36-45,Low
C6041,Female,46-60,Medium
C6042,Female,46-60,High
C6043,Female,46-60,Medium
C6044,Male,26-35,Medium
C6045,Male,26-35,High
C6046,Female,46-60,Low
C6047,Male,18-25,Low
C6048,Male,18-25,High
C6049,Female,26-35,Low
C6050,Female,18-25,High
C6051,Male,26-35,Low
C6052,Male,36-45,Medium
C6053,Female,18-25,Medium
C6054,Female,46-60,Low
C6055,Male,36-45,Medium
C6056,Male,26-35,Medium
C6057,Female,26-35,High
C6058,Female,46-60,Medium
C6059,Male,46-60,Low
C6060,Female,36-45,Low
C6061,Female,60+,Low
C6062,Female,36-45,Medium
C6063,Male,26-35,Low
C6064,Female,26-35,High
C6065,Male,36-45,Low
C6066,Male,26-35,Medium
C6067,Female,46-60,Medium
C6068,Female,46-60,Medium
C6069,Female,36-45,Low
C6070,Female,18-25,Medium
C6071,Female,18-25,Low
C6072,Female,36-45,Low
C6073,Female,36-45,Medium
C6074,Female,36-45,Low
C6075,Female,46-60,Low
C6076,Male,26-35,Medium
C6077,Female,36-45,High
C6078,Female,18-25,Low
C6079,Male,26-35,Medium
C6080,Female,26-35,Medium
C6081,Female,26-35,Low
C6082,Male,18-25,High
C6083,Male,26-35,Medium
C6084,Non-binary,18-25,Low
C6085,Male,18-25,Low
C6086,Female,26-35,Low
C6087,Female,26-35,Low
C6088,Male,60+,Low
C6089,Female,36-45,Low
C6090,Non-binary,26-35,Low
C6091,Female,36-45,Medium
C6092,Male,26-35,Medium
C6093,Male,26-35,Low
C6094,Male,46-60,Low
C6095,Non-binary,26-35,Medium
C6096,Male,26-35,Low
C6097,Male,36-45,High
C6098,Female,26-35,Low
C6099,Male,36-45,Medium
C6100,Female,18-25,Medium
C6101,Male,36-45,Medium
C6102,Female,36-45,Low
C6103,Female,18-25,Medium
C6104,Male,26-35,High
C6105,Female,46-60,Medium
C6106,Female,26-35,High
C6107,Male,60+,High
C6108,Female,26-35,Low
C6109,Female,18-25,High
C6110,Female,26-35,High
C6111,Female,36-45,Medium
C6112,Male,46-60,Low
C6113,Female,46-60,Low
C6114,Female,36-45,Low
C6115,Non-binary,18-25,Low
C6116,Female,26-35,Medium
C6117,Female,36-45,Medium
C6118,Male,26-35,Low
C6119,Male,36-45,Low
C6120,Male,26-35,High
C6121,Female,36-45,High
C6122,Female,36-45,Low
C6123,Female,36-45,Medium
C6124,Female,26-35,Medium
C6125,Female,26-35,Medium
C6126,Male,36-45,Medium
C6127,Male,36-45,Low
C6128,Female,26-35,Medium
C6129,Male,36-45,Low
C6130,Female,46-60,High
C6131,Female,36-45,Low
C6132,Male,26-35,Medium
C6133,Female,26-35,High
C6134,Female,36-45,Low
C6135,Male,36-45,Medium
C6136,Male,36-45,High
C6137,Female,46-60,Low
C6138,Male,36-45,Low
C6139,Male,26-35,Low
C6140,Male,26-35,Low
C6141,Male,36-45,Medium
C6142,Female,26-35,Low
C6143,Female,36-45,Medium
C6144,Male,46-60,Low
C6145,Male,36-45,Medium
C6146,Male,26-35,Medium
C6147,Male,18-25,Low
C6148,Female,18-25,High
C6149,Female,60+,High
C6150,Male,26-35,Low
C6151,Male,36-45,Low
C6152,Male,26-35,High
C6153,Male,18-25,Low
C6154,Female,36-45,Low
C6155,Male,26-35,Low
C6156,Female,46-60,Medium
C6157,Female,26-35,Medium
C6158,Female,26-35,Medium
C6159,Male,26-35,Low
C6160,Male,36-45,High
C6161,Female,46-60,Medium
C6162,Male,26-35,Low
C6163,Female,46-60,Low
C6164,Female,36-45,Medium
C6165,Male,26-35,Low
C6166,Male,18-25,Medium
C6167,Male,46-60,Medium
C6168,Female,26-35,Medium
C6169,Female,18-25,Low
C6170,Female,18-25,Low
C6171,Male,18-25,Medium
C6172,Male,46-60,Medium
C6173,Female,36-45,High
C6174,Male,46-60,Medium
C6175,Female,36-45,Low
C6176,Male,46-60,Low
C6177,Female,26-35,Low
C6178,Male,18-25,Medium
C6179,Male,60+,Medium
C6180,Male,36-45,High
C6181,Female,18-25,High
C6182,Female,18-25,Low
C6183,Female,18-25,Medium
C6184,Male,46-60,Medium
C6185,Male,18-25,Medium
C6186,Female,46-60,Low
C6187,Male,18-25,Medium
C6188,Male,26-35,Medium
C6189,Female,26-35,Low
C6190,Female,36-45,Low
C6191,Female,46-60,Low
C6192,Male,26-35,Medium
C6193,Male,36-45,Medium
C6194,Male,36-45,High
C6195,Male,26-35,Low
C6196,Female,60+,Low
C6197,Female,36-45,Medium
C6198,Male,26-35,Low
C6199,Female,18-25,High
C6200,Male,26-35,Medium
C6201,Female,18-25,Low
C6202,Female,26-35,Low
C6203,Female,18-25,Medium
C6204,Male,26-35,Low
C6205,Male,26-35,Low
C6206,Female,26-35,Low
C6207,Female,36-45,Low
C6208,Female,26-35,Low
C6209,Female,26-35,Low
C6210,Male,36-45,Low
C6211,Female,26-35,High
C6212,Female,46-60,Medium
C6213,Female,26-35,Low
C6214,Male,46-60,Medium
C6215,Male,18-25,Low
C6216,Female,26-35,Medium
C6217,Non-binary,26-35,Medium
C6218,Male,26-35,Low
C6219,Male,46-60,Low
C6220,Female,46-60,Medium
C6221,Male,36-45,Low
C6222,Female,36-45,Medium
C6223,Male,46-60,Low
C6224,Male,26-35,Low
C6225,Male,46-60,High
C6226,Male,26-35,Low
C6227,Male,18-25,High
C6228,Male,26-35,Low
C6229,Female,36-45,High
C6230,Female,26-35,Low
C6231,Female,26-35,Medium
C6232,Male,18-25,Medium
C6233,Female,36-45,Low
C6234,Female,26-35,Low
C6235,Male,18-25,Low
C6236,Male,26-35,Low
C6237,Male,26-35,Low
C6238,Female,26-35,Low
C6239,Male,36-45,High
C6240,Female,36-45,Medium
C6241,Female,36-45,Low
C6242,Male,26-35,High
C6243,Female,36-45,Low
C6244,Male,18-25,Low
C6245,Female,36-45,Low
C6246,Female,26-35,High
C6247,Male,26-35,Low
C6248,Male,18-25,Medium
C6249,Female,46-60,Low
C6250,Female,18-25,Low
C6251,Female,36-45,Low
C6252,Male,60+,Low
C6253,Male,26-35,Low
C6254,Male,26-35,Medium
C6255,Female,36-45,High
C6256,Female,26-35,Low
C6257,Female,36-45,Medium
C6258,Female,18-25,Low
C6259,Male,18-25,Low
C6260,Female,26-35,Low
C6261,Male,26-35,Low
C6262,Female,46-60,Medium
C6263,Female,26-35,Low
C6264,Male,18-25,High
C6265,Male,18-25,High
C6266,Female,36-45,Low
C6267,Male,26-35,Low
C6268,Male,26-35,High
C6269,Male,36-45,Medium
C6270,Male,36-45,Low
C6271,Male,36-45,Low
C6272,Non-binary,26-35,Medium
C6273,Male,18-25,Low
C6274,Female,46-60,Medium
C6275,Female,36-45,Medium
C6276,Female,26-35,Medium
C6277,Female,26-35,Medium
C6278,Female,18-25,Low
C6279,Male,36-45,Medium
C6280,Male,46-60,High
C6281,Male,46-60,High
C6282,Female,46-60,High
C6283,Female,26-35,Medium
C6284,Female,36-45,Low
C6285,Female,18-25,High
C6286,Male,18-25,Low
C6287,Male,36-45,High
C6288,Female,18-25,Low
C6289,Female,46-60,Medium
C6290,Female,26-35,High
C6291,Female,26-35,Low
C6292,Female,18-25,Low
C6293,Female,18-25,Low
C6294,Female,46-60,Medium
C6295,Female,36-45,Medium
C6296,Male,36-45,High
C6297,Male,26-35,Medium
C6298,Male,18-25,Medium
C6299,Female,26-35,Low
C6300,Male,46-60,Medium
C6301,Male,26-35,Low
C6302,Female,46-60,Medium
C6303,Female,26-35,Medium
C6304,Female,18-25,Medium
C6305,Male,46-60,Low
C6306,Non-binary,18-25,Medium
C6307,Female,36-45,Low
C6308,Female,46-60,Low
C6309,Male,36-45,Medium
C6310,Male,26-35,Low
C6311,Female,36-45,Medium
C6312,Female,26-35,Low
C6313,Male,26-35,High
C6314,Female,26-35,Low
C6315,Female,36-45,Low
C6316,Female,36-45,Low
C6317,Female,18-25,High
C6318,Non-binary,36-45,Medium
C6319,Male,46-60,Medium
C6320,Female,46-60,High
C6321,Female,26-35,High
C6322,Female,46-60,Medium
C6323,Male,26-35,Medium
C6324,Female,26-35,Medium
C6325,Male,46-60,Medium
C6326,Male,18-25,Low
C6327,Female,18-25,Low
C6328,Female,46-60,Medium
C6329,Non-binary,18-25,Medium
C6330,Female,26-35,Low
C6331,Male,26-35,Medium
C6332,Male,26-35,Low
C6333,Male,26-35,Low
C6334,Female,26-35,Low
C6335,Female,18-25,Medium
C6336,Female,26-35,Low
C6337,Male,18-25,Low
C6338,Male,26-35,Medium
C6339,Female,36-45,Low
C6340,Male,46-60,Medium
C6341,Female,26-35,Medium
C6342,Female,26-35,Medium
C6343,Female,26-35,Low
C6344,Female,46-60,Low
C6345,Male,26-35,Medium
C6346,Male,60+,Low
C6347,Male,36-45,Medium
C6348,Male,26-35,High
C6349,Male,46-60,Low
C6350,Female,36-45,Low
C6351,Female,18-25,Low
C6352,Female,26-35,Medium
C6353,Male,18-25,Low
C6354,Male,26-35,Medium
C6355,Female,46-60,Low
C6356,Male,26-35,Low
C6357,Female,18-25,Low
C6358,Female,26-35,Low
C6359,Male,26-35,High
C6360,Male,26-35,Low
C6361,Male,18-25,Medium
C6362,Female,46-60,Low
C6363,Female,36-45,Low
C6364,Female,18-25,Low
C6365,Female,26-35,Medium
C6366,Male,46-60,High
C6367,Female,26-35,Low
C6368,Male,18-25,Low
C6369,Female,26-35,High
C6370,Male,26-35,Low
C6371,Female,36-45,Medium
C6372,Female,26-35,Medium
C6373,Male,36-45,Medium
C6374,Male,46-60,High
C6375,Female,36-45,Medium
C6376,Male,18-25,Medium
C6377,Female,18-25,High
C6378,Male,26-35,Medium
C6379,Male,18-25,Low
C6380,Female,26-35,Medium
C6381,Female,18-25,High
C6382,Male,60+,Medium
C6383,Female,18-25,Medium
C6384,Male,18-25,Medium
C6385,Male,36-45,Low
C6386,Male,46-60,Low
C6387,Female,36-45,Medium
C6388,Male,36-45,High
C6389,Female,26-35,Medium
C6390,Female,36-45,Low
C6391,Male,46-60,Low
C6392,Female,26-35,Medium
C6393,Male,26-35,High
C6394,Female,36-45,Medium
C6395,Female,36-45,Medium
C6396,Male,36-45,Medium
C6397,Non-binary,18-25,Medium
C6398,Female,26-35,Low
C6399,Male,26-35,Low
C6400,Female,36-45,Medium
C6401,Female,26-35,Low
C6402,Female,26-35,Low
C6403,Male,18-25,Medium
C6404,Male,26-35,Low
C6405,Female,26-35,Medium
C6406,Male,26-35,Medium
C6407,Male,26-35,Low
C6408,Female,18-25,Medium
C6409,Male,26-35,Low
C6410,Female,26-35,Low
C6411,Male,18-25,Low
C6412,Female,18-25,Low
C6413,Female,26-35,Low
C6414,Male,36-45,Low
C6415,Female,18-25,Medium
C6416,Male,36-45,Medium
C6417,Female,26-35,Low
C6418,Male,18-25,Low
C6419,Female,26-35,Low
C6420,Female,36-45,Low
C6421,Female,18-25,Medium
C6422,Female,36-45,Medium
C6423,Male,26-35,Medium
C6424,Male,46-60,Low
C6425,Male,26-35,Low
C6426,Female,36-45,Medium
C6427,Female,46-60,Medium
C6428,Male,36-45,Low
C6429,Male,36-45,Low
C6430,Male,18-25,Low
C6431,Female,18-25,Low
C6432,Male,26-35,High
C6433,Male,26-35,Medium
C6434,Female,36-45,Medium
C6435,Male,26-35,Low
C6436,Female,18-25,Low
C6437,Male,18-25,Low
C6438,Female,26-35,Medium
C6439,Female,26-35,Low
C6440,Male,26-35,Medium
C6441,Male,18-25,Medium
C6442,Female,46-60,Medium
C6443,Female,26-35,Medium
C6444,Male,36-45,Medium
C6445,Male,46-60,High
C6446,Male,46-60,Low
C6447,Female,26-35,Medium
C6448,Female,46-60,Medium
C6449,Male,46-60,Low
C6450,Female,26-35,Low
C6451,Female,26-35,Low
C6452,Male,18-25,Low
C6453,Male,26-35,Low
C6454,Female,26-35,High
C6455,Female,26-35,Medium
C6456,Female,60+,Medium
C6457,Male,36-45,Medium
C6458,Female,26-35,High
C6459,Female,26-35,Low
C6460,Male,46-60,Medium
C6461,Female,26-35,Medium
C6462,Male,26-35,Medium
C6463,Non-binary,46-60,High
C6464,Male,26-35,Medium
C6465,Female,18-25,Low
C6466,Male,36-45,Low
C6467,Male,18-25,Low
C6468,Female,26-35,Medium
C6469,Female,46-60,Low
C6470,Female,36-45,High
C6471,Female,26-35,Low
C6472,Male,26-35,Low
C6473,Male,26-35,Low
C6474,Male,26-35,Low
C6475,Male,26-35,Medium
C6476,Female,36-45,Medium
C6477,Male,46-60,High
C6478,Female,36-45,Low
C6479,Male,18-25,High
C6480,Female,36-45,Low
C6481,Female,26-35,Low
C6482,Male,36-45,Medium
C6483,Female,18-25,Medium
C6484,Female,26-35,Medium
C6485,Female,36-45,High
C6486,Female,26-35,Medium
C6487,Male,26-35,Low
C6488,Female,36-45,Low
C6489,Female,46-60,Low
C6490,Male,36-45,Low
C6491,Female,18-25,Medium
C6492,Female,36-45,Medium
C6493,Female,36-45,Medium
C6494,Male,36-45,Low
C6495,Female,26-35,Medium
C6496,Male,46-60,High
C6497,Male,46-60,Low
C6498,Female,46-60,Low
C6499,Female,18-25,Low
C6500,Female,18-25,High
C6501,Female,18-25,Medium
C6502,Male,26-35,Low
C6503,Male,26-35,Low
C6504,Female,46-60,Medium
C6505,Female,46-60,Low
C6506,Female,60+,Low
C6507,Female,46-60,High
C6508,Female,26-35,Low
C6509,Male,36-45,Low
C6510,Female,18-25,Low
C6511,Male,36-45,Low
C6512,Male,26-35,Low
C6513,Male,46-60,Medium
C6514,Male,46-60,High
C6515,Female,26-35,High
C6516,Female,36-45,Low
C6517,Female,36-45,Low
C6518,Male,46-60,Medium
C6519,Male,36-45,Low
C6520,Male,46-60,Low
C6521,Male,46-60,Low
C6522,Male,60+,Medium
C6523,Female,46-60,Low
C6524,Female,26-35,Medium
C6525,Female,36-45,Medium
C6526,Male,36-45,Medium
C6527,Female,26-35,Medium
C6528,Female,46-60,Medium
C6529,Female,46-60,Medium
C6530,Female,46-60,Medium
C6531,Female,36-45,Medium
C6532,Male,26-35,High
C6533,Female,36-45,High
C6534,Female,26-35,Medium
C6535,Female,26-35,Medium
C6536,Male,26-35,Medium
C6537,Male,26-35,Low
C6538,Male,36-45,High
C6539,Female,26-35,Low
C6540,Male,36-45,Low
C6541,Female,26-35,Medium
C6542,Male,26-35,Medium
C6543,Male,18-25,Medium
C6544,Female,36-45,Low
C6545,Male,26-35,Low
C6546,Female,36-45,Low
C6547,Female,26-35,High
C6548,Male,18-25,Medium
C6549,Female,36-45,Low
C6550,Male,26-35,Low
C6551,Female,18-25,Medium
C6552,Female,26-35,Medium
C6553,Female,26-35,High
C6554,Female,26-35,Low
C6555,Male,36-45,Medium
C6556,Female,60+,Medium
C6557,Female,26-35,Medium
C6558,Male,36-45,Low
C6559,Male,18-25,Low
C6560,Female,26-35,Medium
C6561,Female,36-45,Low
C6562,Male,36-45,Medium
C6563,Male,26-35,Low
C6564,Female,26-35,Medium
C6565,Female,26-35,High
C6566,Female,36-45,Medium
C6567,Female,26-35,Low
C6568,Male,18-25,Low
C6569,Male,26-35,Low
C6570,Female,46-60,High
C6571,Female,36-45,High
C6572,Male,26-35,High
C6573,Female,26-35,Low
C6574,Male,46-60,Medium
C6575,Male,26-35,Medium
C6576,Female,26-35,High
C6577,Male,26-35,Medium
C6578,Male,46-60,Medium
C6579,Female,18-25,Low
C6580,Male,26-35,Medium
C6581,Female,36-45,High
C6582,Female,26-35,Low
C6583,Female,26-35,Low
C6584,Female,46-60,Low
C6585,Female,46-60,Medium
C6586,Male,18-25,Medium
C6587,Female,46-60,Medium
C6588,Male,18-25,Medium
C6589,Male,26-35,Medium
C6590,Male,26-35,Low
C6591,Male,18-25,Medium
C6592,Female,26-35,Medium
C6593,Male,26-35,High
C6594,Female,46-60,Low
C6595,Male,46-60,Low
C6596,Male,36-45,Medium
C6597,Female,26-35,High
C6598,Male,18-25,Medium
C6599,Male,26-35,Medium
C6600,Male,18-25,Low
C6601,Male,26-35,Medium
C6602,Female,26-35,Medium
C6603,Male,26-35,Medium
C6604,Male,60+,Medium
C6605,Female,26-35,Low
C6606,Male,36-45,Medium
C6607,Female,26-35,Low
C6608,Male,36-45,High
C6609,Male,36-45,Low
C6610,Female,46-60,Low
C6611,Male,60+,High
C6612,Female,26-35,Low
C6613,Female,46-60,Medium
C6614,Male,26-35,Low
C6615,Male,18-25,Low
C6616,Male,18-25,Medium
C6617,Male,18-25,Low
C6618,Male,26-35,Low
C6619,Female,46-60,Medium
C6620,Female,46-60,Medium
C6621,Male,26-35,High
C6622,Male,18-25,Medium
C6623,Female,18-25,Medium
C6624,Male,36-45,Low
C6625,Male,46-60,Medium
C6626,Female,26-35,Low
C6627,Female,18-25,Low
C6628,Male,36-45,High
C6629,Non-binary,26-35,Low
C6630,Male,46-60,Low
C6631,Female,26-35,High
C6632,Female,46-60,Low
C6633,Male,26-35,Low
C6634,Male,26-35,Low
C6635,Female,36-45,Low
C6636,Female,26-35,Low
C6637,Female,46-60,Low
C6638,Male,36-45,Low
C6639,Female,46-60,High
C6640,Male,26-35,Low
C6641,Male,26-35,Low
C6642,Female,46-60,Low
C6643,Male,26-35,Low
C6644,Female,36-45,High
C6645,Female,36-45,Medium
C6646,Male,36-45,Medium
C6647,Male,26-35,Low
C6648,Female,26-35,Low
C6649,Male,36-45,Low
C6650,Female,46-60,Medium
C6651,Female,18-25,Low
C6652,Female,18-25,Low
C6653,Female,26-35,High
C6654,Male,46-60,Medium
C6655,Female,26-35,Medium
C6656,Female,26-35,Low
C6657,Female,36-45,Low
C6658,Female,26-35,Medium
C6659,Female,36-45,High
C6660,Non-binary,26-35,Low
C6661,Male,36-45,High
C6662,Male,18-25,Low
C6663,Female,26-35,Low
C6664,Female,46-60,Medium
C6665,Female,18-25,Medium
C6666,Female,60+,Low
C6667,Male,18-25,Low
C6668,Female,18-25,Medium
C6669,Male,18-25,Medium
C6670,Male,26-35,Medium
C6671,Female,18-25,High
C6672,Female,36-45,Low
C6673,Male,18-25,Low
C6674,Male,46-60,Medium
C6675,Male,36-45,Low
C6676,Female,36-45,Medium
C6677,Non-binary,26-35,Medium
C6678,Female,46-60,Medium
C6679,Female,18-25,High
C6680,Male,36-45,High
C6681,Male,26-35,Low
C6682,Female,46-60,Medium
C6683,Female,46-60,Low
C6684,Male,36-45,Low
C6685,Male,18-25,Low
C6686,Female,26-35,Medium
C6687,Male,26-35,Low
C6688,Female,36-45,High
C6689,Female,36-45,Medium
C6690,Female,46-60,Low
C6691,Female,36-45,Medium
C6692,Male,46-60,High
C6693,Male,46-60,Low
C6694,Male,18-25,Low
C6695,Female,18-25,Low
C6696,Male,26-35,Low
C6697,Female,18-25,High
C6698,Female,18-25,High
C6699,Male,26-35,Low
C6700,Male,26-35,Medium
C6701,Male,36-45,Low
C6702,Female,26-35,Low
C6703,Male,26-35,Medium
C6704,Female,18-25,Medium
C6705,Female,46-60,Low
C6706,Male,46-60,Medium
C6707,Male,18-25,Low
C6708,Female,36-45,Low
C6709,Female,36-45,Medium
C6710,Female,46-60,Low
C6711,Female,18-25,Low
C6712,Male,18-25,Low
C6713,Male,46-60,Low
C6714,Female,18-25,High
C6715,Female,18-25,Medium
C6716,Female,36-45,Medium
C6717,Female,46-60,Low
C6718,Male,46-60,Low
C6719,Female,18-25,Medium
C6720,Non-binary,26-35,Low
C6721,Female,46-60,Low
C6722,Male,46-60,Medium
C6723,Male,18-25,Medium
C6724,Male,26-35,High
C6725,Male,36-45,Low
C6726,Female,36-45,Low
C6727,Female,18-25,High
C6728,Female,26-35,Low
C6729,Male,36-45,Low
C6730,Male,26-35,Low
C6731,Female,18-25,Medium
C6732,Male,26-35,Medium
C6733,Non-binary,36-45,Low
C6734,Male,46-60,Low
C6735,Male,46-60,Medium
C6736,Non-binary,46-60,High
C6737,Male,18-25,Medium
C6738,Female,26-35,Low
C6739,Male,36-45,Low
C6740,Male,26-35,Medium
C6741,Male,36-45,Medium
C6742,Male,18-25,Low
C6743,Male,46-60,Low
C6744,Female,18-25,Low
C6745,Female,26-35,Medium
C6746,Male,26-35,Medium
C6747,Male,46-60,Medium
C6748,Male,18-25,Medium
C6749,Female,26-35,Medium
C6750,Male,46-60,Low
C6751,Female,26-35,Low
C6752,Male,26-35,High
C6753,Male,18-25,Medium
C6754,Female,26-35,Medium
C6755,Male,46-60,Low
C6756,Male,36-45,Medium
C6757,Male,36-45,Low
C6758,Male,46-60,Low
C6759,Male,46-60,High
C6760,Male,26-35,Medium
C6761,Female,46-60,Low
C6762,Male,26-35,Medium
C6763,Female,36-45,High
C6764,Male,26-35,Low
C6765,Male,18-25,Low
C6766,Female,46-60,Medium
C6767,Female,26-35,Medium
C6768,Female,36-45,Low
C6769,Male,18-25,Medium
C6770,Female,46-60,Medium
C6771,Female,46-60,Low
C6772,Male,46-60,Low
C6773,Female,60+,Medium
C6774,Female,36-45,Medium
C6775,Male,18-25,Low
C6776,Female,18-25,Low
C6777,Male,36-45,High
C6778,Non-binary,26-35,High
C6779,Female,26-35,Medium
C6780,Male,46-60,Low
C6781,Male,36-45,Low
C6782,Male,36-45,Low
C6783,Female,26-35,Medium
C6784,Female,26-35,Medium
C6785,Female,36-45,Medium
C6786,Female,26-35,Low
C6787,Female,26-35,Low
C6788,Female,18-25,Low
C6789,Non-binary,36-45,Low
C6790,Non-binary,60+,Low
C6791,Male,46-60,Medium
C6792,Female,46-60,Medium
C6793,Male,36-45,Low
C6794,Female,36-45,Low
C6795,Female,26-35,Low
C6796,Female,26-35,Medium
C6797,Male,36-45,Medium
C6798,Female,26-35,High
C6799,Male,18-25,Low
C6800,Male,46-60,Low
C6801,Female,36-45,Low
C6802,Female,18-25,Medium
C6803,Male,46-60,High
C6804,Male,26-35,Medium
C6805,Male,46-60,Medium
C6806,Male,46-60,Medium
C6807,Female,46-60,Low
C6808,Male,60+,High
C6809,Male,46-60,Medium
C6810,Male,46-60,Low
C6811,Female,26-35,Medium
C6812,Male,36-45,Medium
C6813,Male,26-35,Medium
C6814,Male,46-60,Low
C6815,Female,26-35,Medium
C6816,Male,26-35,Medium
C6817,Female,46-60,Medium
C6818,Male,26-35,Low
C6819,Male,26-35,Low
C6820,Male,18-25,Low
C6821,Male,18-25,Low
C6822,Female,18-25,Low
C6823,Male,26-35,Low
C6824,Male,36-45,Low
C6825,Male,46-60,Low
C6826,Male,46-60,Medium
C6827,Male,26-35,Low
C6828,Male,36-45,Low
C6829,Male,46-60,High
C6830,Male,36-45,Medium
C6831,Female,26-35,Low
C6832,Male,26-35,Low
C6833,Female,36-45,Low
C6834,Male,18-25,High
C6835,Female,60+,High
C6836,Male,18-25,Medium
C6837,Female,18-25,Low
C6838,Female,18-25,Low
C6839,Female,26-35,Low
C6840,Female,36-45,High
C6841,Male,18-25,Medium
C6842,Female,26-35,Medium
C6843,Male,26-35,Low
C6844,Male,26-35,Medium
C6845,Female,46-60,Low
C6846,Male,18-25,Low
C6847,Female,36-45,Medium
C6848,Male,26-35,Medium
C6849,Male,36-45,High
C6850,Male,36-45,Medium
C6851,Male,36-45,Low
C6852,Male,36-45,High
C6853,Male,26-35,High
C6854,Female,36-45,Low
C6855,Female,18-25,Medium
C6856,Male,36-45,Low
C6857,Male,26-35,Low
C6858,Female,46-60,High
C6859,Male,36-45,Medium
C6860,Male,18-25,Medium
C6861,Female,36-45,Low
C6862,Female,26-35,Medium
C6863,Female,18-25,High
C6864,Male,60+,Low
C6865,Male,26-35,Low
C6866,Male,36-45,Medium
C6867,Female,18-25,Medium
C6868,Male,36-45,Low
C6869,Female,36-45,Medium
C6870,Male,18-25,Low
C6871,Female,46-60,Low
C6872,Female,36-45,Medium
C6873,Male,26-35,Low
C6874,Female,26-35,Medium
C6875,Female,36-45,High
C6876,Male,18-25,High
C6877,Male,26-35,Low
C6878,Male,26-35,High
C6879,Female,46-60,Low
C6880,Male,18-25,High
C6881,Male,36-45,Medium
C6882,Male,26-35,High
C6883,Female,26-35,Medium
C6884,Female,18-25,Low
C6885,Male,26-35,Low
C6886,Male,26-35,Medium
C6887,Non-binary,46-60,Medium
C6888,Female,18-25,Low
C6889,Female,26-35,Low
C6890,Female,26-35,Low
C6891,Non-binary,46-60,Low
C6892,Non-binary,36-45,Medium
C6893,Male,18-25,Medium
C6894,Female,36-45,Low
C6895,Male,46-60,Low
C6896,Female,18-25,Low
C6897,Female,36-45,Low
C6898,Male,46-60,Low
C6899,Female,60+,Low
C6900,Female,26-35,Medium
C6901,Male,60+,Low
C6902,Male,60+,Medium
C6903,Female,26-35,Medium
C6904,Male,18-25,Medium
C6905,Male,46-60,High
C6906,Female,46-60,Medium
C6907,Male,36-45,Low
C6908,Male,46-60,Medium
C6909,Female,26-35,Medium
C6910,Male,36-45,Medium
C6911,Female,26-35,Low
C6912,Male,36-45,High
C6913,Male,36-45,High
C6914,Female,36-45,Medium
C6915,Male,26-35,Low
C6916,Female,46-60,Medium
C6917,Male,26-35,Low
C6918,Male,36-45,High
C6919,Female,36-45,Low
C6920,Male,26-35,Medium
C6921,Female,26-35,Low
C6922,Male,26-35,Medium
C6923,Male,26-35,High
C6924,Female,18-25,Low
C6925,Male,26-35,Low
C6926,Female,36-45,Medium
C6927,Male,46-60,Low
C6928,Male,36-45,Medium
C6929,Female,36-45,High
C6930,Female,36-45,Medium
C6931,Female,60+,Medium
C6932,Male,36-45,Low
C6933,Male,26-35,Medium
C6934,Female,26-35,Low
C6935,Male,36-45,Low
C6936,Male,26-35,Medium
C6937,Male,36-45,Low
C6938,Female,26-35,Medium
C6939,Male,36-45,High
C6940,Female,36-45,Medium
C6941,Female,36-45,Low
C6942,Female,26-35,Low
C6943,Male,26-35,Medium
C6944,Male,18-25,Low
C6945,Female,36-45,Low
C6946,Male,18-25,High
C6947,Female,26-35,Low
C6948,Female,26-35,Low
C6949,Male,26-35,Medium
C6950,Female,36-45,Medium
C6951,Male,36-45,Medium
C6952,Male,46-60,Low
C6953,Male,36-45,Medium
C6954,Female,18-25,Medium
C6955,Female,26-35,High
C6956,Female,18-25,Medium
C6957,Male,18-25,Low
C6958,Non-binary,18-25,Medium
C6959,Male,36-45,Medium
C6960,Female,26-35,Medium
C6961,Non-binary,36-45,Medium
C6962,Female,18-25,Medium
C6963,Female,18-25,Medium
C6964,Male,36-45,Medium
C6965,Male,26-35,Low
C6966,Male,18-25,High
C6967,Male,46-60,Medium
C6968,Male,36-45,Medium
C6969,Female,18-25,Low
C6970,Male,18-25,Low
C6971,Male,26-35,Low
C6972,Male,26-35,High
C6973,Male,36-45,Low
C6974,Female,18-25,High
C6975,Female,18-25,High
C6976,Female,26-35,Medium
C6977,Female,26-35,Low
C6978,Female,36-45,High
C6979,Female,26-35,High
C6980,Male,26-35,Medium
C6981,Female,18-25,Medium
C6982,Male,26-35,Medium
C6983,Male,18-25,Low
C6984,Female,18-25,Low
C6985,Female,26-35,Low
C6986,Female,26-35,High
C6987,Male,26-35,Low
C6988,Male,36-45,Low
C6989,Male,36-45,Medium
C6990,Male,18-25,Low
C6991,Male,18-25,Medium
C6992,Female,26-35,Low
C6993,Male,26-35,Low
C6994,Female,36-45,High
C6995,Female,26-35,Medium
C6996,Male,26-35,High
C6997,Male,46-60,Low
C6998,Female,46-60,Medium
C6999,Female,26-35,Medium
